date,t,close,stage,prob,ready,level,engine
2026-09-28,ACN,174.47,SETUP,0.3697,98,175.95,1
2026-09-28,EPAM,107.55,RUNNING,0.3741,98,169.49,1
2026-09-28,CTSH,56.75,SETUP,0.3593,96,57.7,1
2026-09-28,XOP,180.14,SETUP,0.3578,95,182.5,1
2026-09-28,DOX,57.42,SETUP,0.3539,94,58.63,1
2026-09-28,SBSW,10.14,BASING,0.3477,91,10.86,1
2026-09-28,LDOS,122.35,BASING,0.343,89,129.38,1
2026-09-28,PYPL,54.28,BASING,0.3425,89,56.75,1
2026-09-28,G,32.6,BASING,0.3411,88,34.91,1
2026-09-28,GIB,67.71,BASING,0.3415,88,71.85,1
2026-09-28,INTC,116.03,RUNNING,0.3411,88,100.13,1
2026-09-28,INFY,10.52,BASING,0.3375,85,11.65,1
2026-09-28,TIMB,17.64,FALLING,0.3372,85,18.79,1
2026-09-28,TLK,13.23,FALLING,0.3341,82,14.62,1
2026-09-28,T,24.9,RUNNING,0.3316,80,22.97,1
2026-09-28,ZTS,71.43,FALLING,0.3315,80,74.82,1
2026-09-28,SONY,23.33,SETUP,0.3304,79,23.38,1
2026-09-28,INTU,269.4,BASING,0.3294,78,324.22,1
2026-09-28,GNTX,22.34,SETUP,0.3255,74,23.19,1
2026-09-28,MTCH,39.51,SETUP,0.3258,74,40.25,1
2026-09-28,BWA,61.07,BASING,0.3242,72,64.77,1
2026-09-28,F,12.38,BASING,0.3241,72,13.95,1
2026-09-28,HRB,40.34,BASING,0.324,72,46.97,1
2026-09-28,OSK,132.79,BASING,0.3244,72,149.25,1
2026-09-28,NICE,109.09,RUNNING,0.3212,69,111.85,1
2026-09-28,PVH,75.73,SETUP,0.3208,68,78.35,1
2026-09-28,OTEX,22.22,BASING,0.3185,66,24.0,1
2026-09-28,ADBE,231.01,BASING,0.316,63,257.29,1
2026-09-28,NVO,38.71,FALLING,0.3141,61,45.57,1
2026-09-28,BILL,41.6,BASING,0.3135,60,47.34,1
2026-09-28,ERIC,9.42,BASING,0.3126,59,9.98,1
2026-09-28,VIV,11.29,FALLING,0.3132,59,12.1,1
2026-09-28,ACI,11.64,FALLING,0.3086,54,12.26,1
2026-09-28,CARG,30.81,BASING,0.309,54,35.09,1
2026-09-28,FISV,46.02,FALLING,0.3089,54,51.42,1
2026-09-28,LEA,120.24,FALLING,0.3089,54,128.26,1
2026-09-28,FMS,22.95,SETUP,0.3075,53,23.48,1
2026-09-28,MMS,52.1,FAILED,0.3066,51,58.16,1
2026-09-28,EXPE,264.23,BASING,0.3053,50,297.85,1
2026-09-28,GFI,35.18,BASING,0.3053,50,40.81,1
2026-09-28,LRN,76.66,FALLING,0.3052,50,83.39,1
2026-09-28,JD,26.61,BASING,0.3049,49,29.33,1
2026-09-28,PEP,128.5,FALLING,0.301,45,137.67,1
2026-09-28,TDC,28.55,SETUP,0.2928,36,28.64,1
2026-09-28,EEFT,64.93,FALLING,0.2917,35,71.91,1
2026-09-28,GEN,20.85,BASING,0.2915,35,28.32,1
2026-09-28,ZG,28.15,FALLING,0.2922,35,33.73,1
2026-09-28,BBWI,16.19,FALLING,0.2908,34,18.87,1
2026-09-28,PLNT,40.5,FALLING,0.2893,33,51.15,1
2026-09-28,FIS,34.31,FALLING,0.2889,32,40.56,1
2026-09-28,AEO,17.31,TRIGGERED,0.2877,31,16.7,1
2026-09-28,CROX,122.36,SETUP,0.288,31,125.7,1
2026-09-28,ADT,6.19,FALLING,0.2851,29,7.21,1
2026-09-28,YETI,43.33,FALLING,0.2846,28,45.3,1
2026-09-28,PINS,18.41,FALLING,0.2827,27,21.84,1
2026-09-28,CRUS,119.53,SETUP,0.2807,25,121.33,1
2026-09-28,FBIN,38.43,FALLING,0.2796,24,45.42,1
2026-09-28,CHTR,111.4,FALLING,0.2787,23,141.67,1
2026-09-28,FOUR,37.03,FALLING,0.2787,23,45.48,1
2026-09-28,CMCSA,21.79,FALLING,0.2737,20,24.82,1
2026-09-28,POST,74.87,FALLING,0.2735,19,82.86,1
2026-09-28,LCII,85.52,FALLING,0.2713,18,99.82,1
2026-09-28,TTD,12.34,FALLING,0.2701,17,14.98,1
2026-09-28,LULU,100.58,FALLING,0.2686,16,113.41,1
2026-09-28,SFD,19.14,FALLING,0.2654,14,22.8,1
2026-09-28,APTV,43.64,FALLING,0.2629,13,48.79,1
2026-09-28,DECK,78.36,FALLING,0.2631,13,89.62,1
2026-09-28,FSLR,172.97,FALLING,0.2578,10,210.06,1
2026-09-28,PHIN,60.74,FALLING,0.2387,4,70.62,1
